<?xml version="1.0" encoding="UTF-8"?>
<project-private xmlns="http://www.netbeans.org/ns/project-private/1">
    <editor-bookmarks xmlns="http://www.netbeans.org/ns/editor-bookmarks/2" lastBookmarkId="0"/>
    <open-files xmlns="http://www.netbeans.org/ns/projectui-open-files/2">
        <group>
            <file>file:/C:/Users/Gabriel%20Kanalga/OneDrive%20-%20Kantonsschule%20Baden/BBB%20Jahr2/Freitag%20Informatik/Modul%20120/Scheresteinpapier/src/scheresteinpapier/Scheresteinpapier/Main.fxml</file>
            <file>file:/C:/Users/Gabriel%20Kanalga/OneDrive%20-%20Kantonsschule%20Baden/BBB%20Jahr2/Freitag%20Informatik/Modul%20120/Scheresteinpapier/src/scheresteinpapier/Scheresteinpapier/Main.java</file>
            <file>file:/C:/Users/Gabriel%20Kanalga/OneDrive%20-%20Kantonsschule%20Baden/BBB%20Jahr2/Freitag%20Informatik/Modul%20120/Scheresteinpapier/src/Bilder/Logo.png</file>
            <file>file:/C:/Users/Gabriel%20Kanalga/OneDrive%20-%20Kantonsschule%20Baden/BBB%20Jahr2/Freitag%20Informatik/Modul%20120/Scheresteinpapier/src/scheresteinpapier/Scheresteinpapier/MainController.java</file>
        </group>
    </open-files>
</project-private>
